{
  "IcoMoonType": "selection",
  "icons": [
    {
      "icon": {
        "paths": [
          "M853.76 656.213c-52.48 0-103.253-8.533-150.613-23.893-14.933-5.12-31.573-1.28-43.093 10.24l-66.987 84.053c-120.747-57.6-233.813-166.4-293.973-291.413l83.2-70.827c11.52-11.947 14.933-28.587 10.24-43.52-15.787-47.36-23.893-98.133-23.893-150.613 0-23.040-19.2-42.24-42.24-42.24h-147.627c-23.040-0-50.773 10.24-50.773 42.24 0 396.373 329.813 725.76 725.76 725.76 30.293 0 42.24-26.88 42.24-50.347v-147.2c0-23.040-19.2-42.24-42.24-42.24z"
        ],
        "attrs": [
          {}
        ],
        "isMulticolor": false,
        "isMulticolor2": false,
        "grid": 0,
        "tags": [
          "call_black_24dp"
        ]
      },
      "attrs": [
        {}
      ],
      "properties": {
        "order": 43,
        "id": 1,
        "name": "call",
        "prevSize": 32
      },
      "setIdx": 0,
      "setId": 3,
      "iconIdx": 0
    },
    {
      "icon": {
        "paths": [
          "M725.333 448v-149.333c0-23.467-19.2-42.667-42.667-42.667h-512c-23.467 0-42.667 19.2-42.667 42.667v426.667c0 23.467 19.2 42.667 42.667 42.667h512c23.467 0 42.667-19.2 42.667-42.667v-149.333l170.667 170.667v-469.333l-170.667 170.667z"
        ],
        "attrs": [
          {}
        ],
        "isMulticolor": false,
        "isMulticolor2": false,
        "grid": 0,
        "tags": [
          "videocam_black_24dp"
        ]
      },
      "attrs": [
        {}
      ],
      "properties": {
        "order": 42,
        "id": 0,
        "name": "videocam",
        "prevSize": 32
      },
      "setIdx": 0,
      "setId": 3,
      "iconIdx": 1
    }
  ],
  "height": 1024,
  "preferences": {
    "showGlyphs": true,
    "showQuickUse": true,
    "showQuickUse2": true,
    "showSVGs": true,
    "fontPref": {
      "prefix": "icon-",
      "metadata": {
        "fontFamily": "icomoon"
      },
      "metrics": {
        "emSize": 1024,
        "baseline": 6.25,
        "whitespace": 50
      },
      "embed": false
    },
    "imagePref": {
      "prefix": "icon-",
      "png": true,
      "useClassSelector": true,
      "color": 0,
      "bgColor": 16777215,
      "classSelector": ".icon",
      "name": "icomoon",
      "height": 32,
      "columns": 16,
      "margin": 16
    },
    "historySize": 50,
    "showCodes": true,
    "gridSize": 16
  }
}